<?xml version="1.0" encoding="UTF-8" ?>
<module>
    <name>soyrecaptcha</name>
    <displayName><![CDATA[Google Recapctha Modular]]></displayName>
    <version><![CDATA[1.0.0]]></version>
    <description><![CDATA[M&oacute;dulo que nos permite en que partes de la web queremos cargar el Recaptcha de Google]]></description>
    <author><![CDATA[Soy.es]]></author>
    <tab><![CDATA[administration]]></tab>
	<confirmUninstall><![CDATA[¿Estas seguro de desinstalar nuestro módulo de recaptcha?]]></confirmUninstall>
    <is_configurable>1</is_configurable>
    <need_instance>1</need_instance>
</module>